gmag,ra,dec,plx,bp_rp,lum_val,teff_val,radius_val,abs_mag,L_value,temp,radius
15.684173,58.45209641024671,23.485778193170404,3.4866299261260667,2.1924276,0.062332526,3797.0,0.57693756,-7.60992523254466,0.035442071153271686,2967.981218286175,0.71894097613239
12.923352,56.99900482385139,24.7310928566792,6.493298083217951,1.5911531,0.15626729,4456.165,0.66322994,-7.261571490565631,0.12993570873929292,3538.852567478626,0.9682673937406983
16.45421,55.86575939894856,24.270604215586683,2.6750747340243386,2.3462887,0.050943777,3830.01,0.51262337,-8.164679805357004,0.029624031512865256,2856.0651681224595,0.7098095565952782
12.179868,55.67669285857913,23.50264426061002,8.29417601215028,1.3694553,0.16585155,4861.035,0.574189,-6.7811404787951215,0.1579451538718024,3828.5927742904883,0.9120754980891231
14.584626,55.78654090030755,23.25183762506102,4.447532032901411,1.8732138,0.085902296,4112.1074,0.5774656,-7.492403679995444,0.059966876810571605,3239.7043828739247,0.7848757942150165
9.9920635,56.54194201255162,23.33979807837593,8.131807477293217,0.80635834,1.1342697,5775.0,1.0639148,-9.067796791009954,1.2325383012398914,4942.5152577374165,1.5288333988388636
9.312448,56.42257403323711,24.28839747922854,7.762786109484023,0.7296572,2.3001885,6020.8667,1.3938509,-9.97962187248616,2.529213899519333,5163.780694728373,2.0063799904479227
8.538714,56.55296896286061,23.12832466113452,12.674684102977416,0.75563335,1.7630941,5969.3335,1.2414771,-8.302029263287439,1.9348179683717655,5086.107419764064,1.8088601302990868
10.568231,56.01779069851887,24.9896235104989,7.675576054490252,0.87180996,0.76424956,5518.0,0.9565482,-8.78032866182896,0.8137399564896944,4771.454185193864,1.3328991515385025
8.005559,56.35902448304342,24.034951235343783,7.384428664141677,0.31556606,8.66476,7696.0,1.6557729,-11.53634965179829,9.31413656109899,7001.09144790399,2.094574378743213
8.112242,56.10725619560783,24.394503667295428,7.952291143571879,0.38979816,6.634721,7291.85,1.6139442,-11.059233988379361,7.279786732638211,6555.233422698274,2.1122192364784813
13.302774,56.11385207609108,24.84376374321564,7.584187079369021,2.0216541,0.12242076,3744.6934,0.8312806,-6.105675233476688,0.06715406791580676,3105.924056484234,0.903671290211491
13.31963,57.03204486101981,25.31509319970764,7.607815272661129,1.7250109,0.08632085,4267.0,0.5376074,-6.073266173520135,0.06570948786130798,3388.635044977935,0.750966272512055
12.900635,56.11678953687744,24.171349848235792,8.992966129676228,1.6759357,0.091391325,4256.0,0.5560347,-5.6559277417775125,0.06917355322012954,3441.8317852147698,0.7468729790260835
11.8450365,56.05315825086265,24.03159793439591,7.037055815377483,1.2904806,0.30697253,4948.6133,0.753764,-7.937790521642645,0.2986781196863173,3946.9241331140147,1.1801579445097647
14.103501,55.57874349775856,23.989328604861345,4.608275310353782,1.7378521,0.11685198,4224.947,0.63801104,-7.7960070560137655,0.0870007037916922,3375.051997777982,0.8710767732574979
14.174072,56.47415454365783,24.468913197940356,10.735933369354736,2.4659548,0.035288427,3408.0,0.53885216,-3.4967225252711476,0.015020748863439414,2775.9992739884683,0.5350114581623457
8.635171,56.64521253254737,25.84366469038482,6.410912706560451,0.4993515,6.2493443,6906.455,1.7460613,-11.61359715133404,6.91977340365145,6011.450339727063,2.4487440636654574
13.58171,57.39555212693745,23.454464951187536,6.660031089233904,1.8976984,0.10906695,3919.0,0.71638864,-6.476445631937979,0.06735401465098094,3216.6481463640916,0.8437826952861414
13.545067,58.09386206805316,23.64466978418656,7.877838579149136,1.8461952,0.0787066,3954.71,0.59762526,-5.673441523617132,0.04979193966186095,3265.6319978754923,0.7038838874710065
13.971644,56.8700656576877,22.376429914139397,6.934395534785454,2.090582,0.0812063,3706.6667,0.69100374,-5.8846629527235255,0.04338355932359461,3048.351261599376,0.7540298842959972
15.366779,56.03026858483428,22.92844874282634,0.926216090952968,1.0934544,0.67071784,5093.607,1.0516512,-14.555235954908802,0.6727655687518297,4286.843163021223,1.5014562282599007
12.989554,56.20917049772812,24.91091690461163,7.445933005755682,1.564805,0.11357483,4419.6465,0.57480246,-6.510882504594472,0.09296942635643822,3570.4196957765994,0.8046138865152052
13.431323,56.52195259271056,22.981425882323062,7.558974834524186,1.774396,0.0860909,4110.893,0.5784408,-5.99377550942326,0.06005442333029497,3337.1301574682166,0.7402564433312867
13.964578,57.09488451825278,23.972351359264,8.3407813487956,2.2302809,0.064261176,3530.3333,0.6776346,-4.968413900469393,0.0301825081881812,2939.43696796088,0.6764027227179353
11.738894,55.95431391466964,25.729417749558284,7.567568944275074,1.1642485,0.29382196,4932.27,0.7423369,-7.680523032675326,0.2847932078584801,4156.505962886372,1.0391158877484283
13.333311,57.33572312992139,25.817826110692213,7.686985777779043,1.7308359,0.08613838,4208.3335,0.55211645,-6.0078216939109605,0.06355700809662916,3382.4566235410052,0.7412645613478858
13.783011,55.98213025281262,24.426210921526224,7.5475227461871475,1.911253,0.07467317,3835.0,0.6190193,-5.649668413249374,0.043569917632208584,3204.0595614506624,0.6839875474165149
14.806614,56.6058705381128,24.159925397183912,7.644526536226495,2.5330095,0.0368229,3473.75,0.5298031,-4.562212863430798,0.01654448355222336,2733.5263179324206,0.5790766795204217
11.588625,56.65747999203077,24.74748434712627,7.603623323698955,1.1175804,0.32822162,5013.48,0.7593774,-7.807026960911138,0.3239729956216053,4241.2880293130975,1.064424493198355
12.527379,58.61658590282128,23.83518131097792,7.53139236551412,1.7062473,0.1878236,4215.0,0.8127043,-6.9159977258254735,0.13909062302211,3408.730488044622,1.079740976601713
10.699402,57.204058825990295,24.26718036299427,6.966932356290467,1.0752592,0.8772346,5066.4136,1.2156519,-9.133499360700572,0.8752981533887597,4322.019130792327,1.684847599372121
10.400532,56.43515233772688,24.22011204783756,7.43157031770279,0.9301739,0.9622572,5413.0,1.1153783,-9.109558471528699,1.0130386546156906,4630.841940577764,1.578879841109684
10.038034,56.65709372131143,23.787516117590727,7.399871170697114,0.9086571,1.3377335,5535.0,1.2577728,-9.49342944144406,1.4267178086607504,4681.463721094523,1.8334188995206118
11.159633,57.36985457240684,23.711986199086525,7.491162784606629,1.0139475,0.47982332,5267.0,0.8318915,-8.310523242807268,0.49550533068990815,4446.074303525404,1.1979169769076554
13.170188,56.09618034886695,24.06810156503576,7.498262011657111,1.750556,0.1206191,3980.0,0.7304568,-6.2952320853644075,0.07762535086790273,3361.7473305484837,0.8293305005298142
13.280696,56.91832314088232,24.30174305949383,7.427570100749157,1.7155895,0.09327064,4279.4565,0.5555816,-6.232086563357447,0.0714542526676134,3398.6880466278867,0.7784799284547219
11.20334,55.89348889496024,23.76172010291054,7.235269980871815,1.073657,0.508554,5094.75,0.9153252,-8.44059801824283,0.5102165214202941,4325.151241300708,1.2844897677656348
14.00927,56.53138354387959,24.374184417076737,7.402728292183477,1.9494629,0.059395682,3922.695,0.5276683,-5.520263292939401,0.0367712489509494,3169.225767466632,0.6422495683625488
13.437666,57.31420070794872,24.56707866115371,7.390999150467684,1.8035431,0.099386774,3944.6667,0.6749884,-6.099795750604258,0.06244925982223322,3307.6372407930985,0.76839386501652
11.9679785,56.66777396685864,23.4975417055196,7.220920105721395,1.4365625,0.29742023,4515.0,0.89129686,-7.685885978657135,0.2532931939033713,3734.7519647436266,1.2137918537808758
10.101808,56.66165616813511,24.95944340320939,7.310854996994011,0.8084307,1.2597905,5900.25,1.0741402,-9.490167247034842,1.3782895377848297,4936.862967975434,1.620406853903525
13.387124,56.24574340195316,23.388735475348103,7.538889452366325,1.7275953,0.08743717,4162.6626,0.5685364,-6.051277976473557,0.0628833471103669,3385.8903618612035,0.7358309142912732
12.702542,56.52886151223133,24.5626116251758,7.361842907016075,1.4580269,0.14674483,4493.0,0.6322098,-6.854682913049659,0.12388254199527264,3705.9330945224065,0.8621163713555378
14.28843,56.5412994231555,24.673400598801848,7.357909287158298,2.3871126,0.05949235,3569.3333,0.637836,-5.271467254200195,0.028781878892599,2828.1073873084065,0.7135489401332911
10.740429,57.07380760742749,25.04764713940749,7.4622563697849955,0.92820644,0.6913322,5498.5,0.9162365,-8.749058240306711,0.7346628330686723,4635.413894731118,1.3419087516267643
9.191837,56.66398644615473,24.103001088148325,7.418396935580117,0.6303797,2.7893677,6512.5254,1.3119179,-10.327124457810058,3.0948889133429858,5490.358587299508,1.963256751151567
15.29036,57.24294285741471,23.0940277469212,7.291733341675512,2.5239925,0.029779118,3312.0,0.5241166,-4.314709957235809,0.011646473523188674,2739.143194126007,0.48386447322370973
13.485077,57.85567762990191,23.88917827293164,7.343075152565563,1.7526941,0.081739046,4216.0,0.53587836,-6.084910829894799,0.06056381915663423,3359.520990902694,0.7335131366831358
9.288032,56.66674429658588,23.11013054712608,7.26120926216832,0.6489811,2.667597,6365.25,1.3430179,-10.338012494894445,2.9564415285263252,5425.258845977974,1.9651681041549791
13.597135,58.61863911431721,24.320936673283345,7.348691749134714,1.7922897,0.07704703,4135.49,0.5407252,-5.969029874575435,0.05454135694308532,3318.9466928028864,0.7132116069086692
14.440887,55.77315195646161,24.82441747200703,7.214996616070393,2.5287046,0.055880416,3518.7148,0.6360838,-5.217080778847627,0.026011951556186633,2736.204333888526,0.724678543023429
10.6272955,55.951816397432765,25.189867897145785,7.641885582227047,1.0561934,0.7599631,5206.13,1.071566,-8.743259011491874,0.777464805014435,4359.662471098245,1.560596476230456
12.802538,56.15605129873356,25.137590963324847,7.565130093731612,1.5158587,0.12718314,4484.3364,0.59084153,-6.6184906754883155,0.10699217063038563,3630.9749746398334,0.8346136340989192
11.192917,56.04683048822847,23.379125795542592,7.479148239303099,1.0491371,0.48294327,5068.6665,0.9011836,-8.28526482615277,0.4820908821040293,4373.803380346717,1.2209613999114908
11.907715,57.42624240807088,24.462806205398227,7.490018098866185,1.1980419,0.2594427,4889.265,0.709882,-7.563205325259492,0.2488560856955088,4097.699730982269,0.9994241915081608
10.697075,57.91861227574484,24.98296932289007,7.403034095994597,0.9161043,0.7355475,5441.2,0.96509176,-8.8322517491606,0.7768738458522348,4663.786925946331,1.3631819792857574
14.965404,57.12947017468325,24.281279555527057,7.165317448614132,2.4309053,0.039697684,3364.0,0.5865746,-4.727110566122022,0.016269249827625898,2798.8653891547942,0.5477416022643409
12.0959635,57.82036807149629,23.82640608439269,7.320482855682977,1.2459354,0.22204721,5010.75,0.6252732,-7.489431446466611,0.21904590786734318,4017.8191282463413,0.9753102650903814
12.572007,56.0913736987376,24.768213180775955,7.34211124824187,1.4118891,0.16132994,4573.0,0.63989353,-6.998637208573811,0.1404608456052615,3768.5807993456333,0.8877240058872927
14.095937,57.80039395813223,23.93243670804142,7.482308496538541,2.0349836,0.06052644,3746.0,0.5841033,-5.380132560389992,0.03323180872565394,3094.5787975908424,0.6403683892984893
10.467337,56.08380189550965,24.795967541491937,7.424900457522266,0.8778496,0.9046081,5430.6875,1.074418,-9.04724300388774,0.9542978134536261,4756.407753955001,1.4525791116395326
12.423114,56.5271862474138,24.5672281166677,7.333363589354946,1.3542929,0.16662127,4932.0,0.55907714,-7.153490942396564,0.16149086626021206,3850.6215367879295,0.9117343096589113
8.880561,56.27210738288761,23.70247235332441,7.34952552394294,0.544425,3.7859666,6707.242,1.4409637,-10.685036612033567,4.200074511008457,5818.627959065092,2.0363072416717642
13.716083,56.61936740824291,24.758796916848578,7.278199056506765,1.8498583,0.077136755,3985.6667,0.5824805,-5.89827614862787,0.04983321900022903,3262.0864160652145,0.7057071772401926
9.75268,56.96895124928979,23.94103047315596,7.415387496792548,0.7135601,1.6815845,6003.3,1.1987591,-9.768310231278202,1.847822705545307,5213.425019132527,1.68244111593407
11.190211,56.18336553542968,24.231009707642453,7.397034567755774,1.020093,0.49034435,5118.0,0.890641,-8.343169465872164,0.49408344619827693,4433.238010526608,1.2031341178077732
15.09426,56.2722426890678,25.48623869850435,7.282985275627529,2.4537535,0.033776663,3375.75,0.53730446,-4.516812177469509,0.013985472259747559,2783.906219413593,0.5133166516619605
11.165423,57.58886081658227,23.09615125837686,7.480336613350446,1.040019,0.48561892,5175.5,0.86675394,-8.311964431117413,0.4942976174063838,4392.247029380886,1.225961212818216
14.086656,58.35353498338368,23.4039639382252,7.778710543345705,2.3299932,0.05540892,3773.8901,0.5506352,-5.19516747229037,0.031011471767553218,2867.4192455663524,0.7205013259807966
14.4285,55.131342169877946,23.55045514884536,7.444586091008108,2.1765623,0.050004873,3598.0,0.5754883,-5.072841049790306,0.02471262544443401,2980.1524020554716,0.5954406533080117
12.720613,57.98900483956988,23.3392277403962,7.38324033101459,1.4733028,0.1443063,4479.0,0.63086027,-6.8221003374464075,0.12113253035436672,3685.7588569848,0.8618517070074522
12.204215,57.71443860745304,23.32887519993769,7.387685649164162,1.2771721,0.2032673,4883.05,0.6299471,-7.335488831955862,0.19466917336092884,3967.77606403637,0.9427798094836115
9.894127,57.10911287974154,24.048188821618258,7.379283401069254,0.7418165,1.4934982,5955.5,1.1479383,-9.651266726051977,1.6380261116947115,5127.055629374733,1.6378734315317676
12.184739,58.53724009607239,24.333495628328745,7.694849310666972,1.3641243,0.20704985,4610.0,0.71332633,-7.151281473211835,0.18268553492711928,3836.301967368767,0.9769728585435019
9.42555,55.92874871020727,23.59457686437168,7.771735777404073,0.69458866,2.0601935,6140.7,1.2681507,-9.860758723880894,2.2737564593661697,5273.49181558557,1.8240276079237587
10.409135,56.72891569970928,24.79614093950752,7.3453420842274735,0.8434305,0.9644756,5536.5,1.0674012,-9.159309483431144,1.0287786603689624,4843.7816995223775,1.454279347469391
13.723226,57.0721387779768,24.504227122036752,7.419886085825003,1.8564491,0.07423668,3975.6174,0.57431847,-5.7947318711769285,0.04763378854224002,3255.73122755137,0.6926541794893237
12.555491,56.89040947426911,24.684003206126462,7.401604153824411,1.4201279,0.15286799,4730.6333,0.5820662,-6.974801623605149,0.14033044111083529,3757.1998942708456,0.8926954668675806
11.964892,56.66420574689882,24.029486245324403,7.350862523516928,1.2158127,0.24757218,5028.0,0.6557118,-7.599796112520115,0.24511314298377945,4067.5998983724885,1.0066136862028716
13.605987,56.55371918891189,24.05417756286306,7.308287230596681,1.8048096,0.08709062,3944.0,0.63206905,-5.987744688270423,0.05469831962204277,3306.3704575676984,0.7196808649514892
12.79014,56.30646278688397,25.08756726513918,7.419422299860121,1.4788561,0.13412043,4477.5,0.6085958,-6.728130409977917,0.11251328841294275,3678.4926553832156,0.8339079412185609
11.690341,55.7623595340192,24.66956453669538,7.44252267431834,1.141139,0.3140783,4982.033,0.75224334,-7.81238609239637,0.3079096266464309,4197.954226113137,1.0592347573473577
11.9505205,56.532505083953794,24.866698217358604,7.148574909566619,1.3309612,0.2788804,4819.0664,0.75759274,-7.75369077744546,0.2626351531505442,3885.146060507857,1.1421357181682605
10.273763,56.23507506659182,24.432411145017102,7.422778447756323,0.8384485,1.0559919,5692.88,1.0563769,-9.242246190088446,1.1412001072970017,4856.763302375626,1.5235019426046164
14.573225,57.27448160067606,23.739597350786266,6.124078464096893,2.4493809,0.055038664,3828.0,0.53338736,-5.9044099435606725,0.03196159964485823,2786.7535740968574,0.774413842176137
8.874772,55.8721213112435,22.73461748381822,7.480255772234216,0.5872078,3.6759744,6775.0,1.3916187,-10.602669467156993,4.076226463056828,5649.281127802539,2.128132992456924
12.022059,57.66384056390636,25.393558001550517,5.752130002774353,1.4815159,0.47078994,4386.75,1.1879016,-8.768866287509885,0.37976856557945343,3675.025110440737,1.534952259728018
14.688695,56.83687447007095,25.08657208202175,7.260887179898888,2.2992373,0.04285437,3550.6667,0.54705423,-4.937571282616883,0.020442905571059277,2889.1595657870184,0.5762145785537881
13.65518,57.30137354813347,23.228146856948054,7.379370635075764,1.82407,0.07390064,4102.0,0.53825176,-5.890154619031586,0.0512730736354984,3287.2540666617874,0.7049107291068251
12.0192995,57.91374713679545,24.548702499359177,7.42476315909977,1.2379265,0.23373179,4969.76,0.65213984,-7.495372962832294,0.2285151460424698,4030.9056515444004,0.9897105876729934
12.879779,56.66214031086443,24.520113962357595,7.381538623330803,1.5260181,0.12965193,4388.3965,0.62291735,-6.664086882768338,0.10466334415046351,3618.1952285302614,0.8313220453778185
9.518376,57.573728581529735,25.37937007962121,7.253398035975452,0.6871643,2.1705432,6155.233,1.2955312,-10.11305012650632,2.396440106424964,5297.473394008751,1.8556741090404738
11.464658,57.40235227021632,24.29586591381169,7.365001264167708,1.0798855,0.38558927,5097.78,0.79607314,-8.090422287111242,0.38707145817866007,4313.006996912658,1.1251002884101906
15.295293,55.51202747718308,24.209905242507293,7.338324469287138,2.5277958,0.029161366,3316.0,0.51740134,-4.277930681766284,0.01144692873447812,2736.7705240741752,0.48053354390583986
11.430553,56.811774069651726,25.37163241395381,7.572139959092714,1.0980988,0.37428892,5128.575,0.77493036,-7.985844810188482,0.3778692353383193,4277.9785425326045,1.1299248257375538
9.921573,57.98702363670819,23.90175911616948,7.487040599101899,0.7607107,1.4220649,5844.975,1.1629125,-9.551335365677543,1.5514951550894591,5071.264323288532,1.6292911717865426
12.425606,55.38534152106508,23.161526200176286,7.422707337517014,1.3778067,0.16423419,4882.5,0.5663696,-7.0904510903325555,0.1572653062289619,3816.593271147523,0.9158422802463811
11.108135,57.3503075390406,23.839048706697447,7.376478664681381,0.9989805,0.51951206,5259.0,0.86824864,-8.43915949973561,0.535855655592094,4477.728926558094,1.2281864429052831
9.428313,57.4705710357224,25.647252789812324,7.189164418784616,0.7216625,2.411576,6007.9336,1.433352,-10.247588641790006,2.6504399413100392,5188.288358605765,2.034542468682106
12.34341,57.97253655735734,24.386768052861587,7.181640268216611,1.3410549,0.18496746,4979.0,0.57798433,-7.337727362001507,0.1812127309309818,3870.1155222271514,0.9560981594840475
13.925313,55.94994538803952,25.053012027021506,7.441610092877773,1.9315166,0.06337387,3925.6868,0.5442225,-5.578027216087204,0.039313433713250676,3185.467887899043,0.6573247927154707
12.6328,56.01188717769532,25.656155573528437,7.245450726232397,1.4818211,0.16444397,4450.0,0.6822469,-7.004107465521109,0.13637952873052536,3674.6277478420507,0.920034005167084
11.258368,56.109576045747886,24.58950700044713,7.40655131489199,1.0840569,0.47768146,4930.685,0.947125,-8.268583788035127,0.4628291753802326,4304.921181032756,1.2349118052390413
11.164752,56.05451968870855,24.030622214893405,7.528311850425594,1.0228424,0.48791525,5082.0,0.90106374,-8.280670260775771,0.48831942242070653,4427.525186016178,1.1991842214392314
8.540198,56.39368370461611,24.46311329463798,7.435439810887517,0.5054922,5.0991406,7180.0,1.4593258,-10.967289733494194,5.6144533178990095,5984.2412979141145,2.2258276387052427
14.470423,56.10348263799233,24.76821918626869,7.470613704718746,2.2257013,0.050157864,3533.25,0.59768647,-5.013467636462565,0.023611209766477185,2942.8538418840894,0.5968672096046767
10.94297,56.95058341387045,23.21789013771287,7.318577435027178,0.9584093,0.60817724,5332.0,0.91387635,-8.643726546862206,0.633809370093881,4566.447565543594,1.2843351376606376
10.420579,57.27554720695359,23.781043757310677,7.209080087285128,1.0409546,1.017831,5305.04,1.1942992,-9.241490621370215,1.0568386790170692,4390.345590271221,1.794167237332357
13.9019,55.446287610644,22.8568358831564,7.365583428196854,1.9039288,0.067062326,3904.25,0.56600034,-5.652785079424914,0.04100394987501588,3210.8464485184877,0.6607387239570041
11.011639,56.31406415248178,25.289282570617026,7.413373539120267,1.0293226,0.5704886,5167.0,0.94253874,-8.51070937420045,0.5798459563555599,4414.132840875407,1.3146843884465695
11.968134,55.80678104760392,25.269935629317104,7.396174660310489,1.2527733,0.24050806,5097.0,0.6289096,-7.5658277511314935,0.24139711926395743,4006.7297169642634,1.0295369415647375
13.693971,56.147627711146285,24.00114057915761,7.344656725347309,1.8265715,0.07080572,4129.3833,0.5198959,-5.874940031379543,0.04994230641878261,3284.7915043610997,0.6967462934140578
11.68959,56.26374877792856,23.83921565790512,7.280531682174002,1.1299181,0.3282882,4984.09,0.7684375,-7.923166930873409,0.321986607122179,4218.455293548079,1.072674580774981
13.036555,57.874839203752046,23.899041937260147,7.565003816948215,1.5827932,0.109208666,4341.25,0.5841866,-6.38455713594157,0.08625011782560589,3548.7926537926833,0.784466829836252
11.439413,56.17998816944305,25.8753288073806,7.516415477271048,1.1149693,0.38973972,4962.027,0.84473747,-8.01391659958948,0.3803761196295348,4246.159964525297,1.1507206496516713
12.895202,57.18936709736756,23.33871889355739,7.379298209779048,1.5196486,0.11907658,4561.95,0.55241406,-6.650181692086532,0.1032497663332642,3626.194389961535,0.8220502438634605
10.528545,56.01485492190356,24.504048116016957,7.378027754105461,0.9138651,0.8610742,5482.0,1.0287145,-9.01769959038195,0.9134850220064648,4669.084368623352,1.4748344021458686
12.243859,56.82535301125591,24.39057153885707,6.989037882889169,1.4993296,0.25315222,4447.33,0.8475099,-7.573202870714095,0.20971119306893768,3652.010478671244,1.155055261282218
12.866021,56.3733163680427,23.760308671851,7.258553033682535,1.5620556,0.13734534,4363.6235,0.6484329,-6.761852883324707,0.1096204275012132,3573.7543687646807,0.8720719832478715
14.185698,55.90297984695249,24.23212144175704,7.0762790215705,2.0972948,0.06771509,3628.0,0.6586593,-5.569337356788283,0.034206678190556256,3042.886107644874,0.6719547731146512
9.533586,55.995108008035096,23.882533452133064,7.3856985145787775,0.74294186,2.0617921,6208.6665,1.241019,-10.007462909410926,2.2792000648584305,5123.689619386288,1.9345572420370452
9.590614,58.59003701715486,24.075494611151427,7.361745846217053,0.7036648,1.9724723,6136.0,1.2427604,-9.96667683502062,2.1766708441479894,5244.540517934958,1.804419356076763
10.966898,55.36604084050181,23.70814343520473,7.39251184498223,0.9756479,0.5855669,5300.8667,0.90729207,-8.569540519708507,0.6076545327935,4528.218551764749,1.2788794202822305
7.7320957,56.861886958106986,23.67813316417608,7.604931015974854,0.2205081,10.794197,7995.3335,1.7122794,-11.662696420948762,11.297208968302215,7698.993198355499,1.9075401873566602
12.457087,55.21372985883543,23.598225515322905,7.438521088899847,1.3769703,0.16607596,4723.4966,0.6085256,-7.0483291413492655,0.15212199165545007,3817.790795661521,0.900176633265465
9.103162,57.07038946170814,25.21492600799203,7.22988009998537,0.6593914,3.1861796,6613.9824,1.3594452,-10.544502133150564,3.5356804725017845,5389.658860330794,2.1775590333746497
10.69776,55.143301707784765,23.682412313515783,7.426635788999271,0.9182844,0.7377465,5358.0,0.99678344,-8.815651551374744,0.7714570420717934,4658.643712870442,1.3614223191322785
11.855584,57.912739789745615,22.750080983622308,7.240205875653891,1.1797895,0.2929876,4866.64,0.7614104,-7.784944185625033,0.27942455558873175,4129.201635473049,1.0429322334196143
12.19216,56.02133727974668,25.483636663235032,7.412893360269652,1.2790318,0.20735553,4823.375,0.6520913,-7.3305122445678474,0.19550618217315235,3964.845710181864,0.9462015416186338
9.691098,56.837089389849446,25.525645147449254,7.314183192275801,0.76311874,1.8380178,5892.4175,1.3008897,-9.898601563856328,2.010153085617,5064.262444317947,1.8596796797328803
13.991919,57.07511872401234,23.891279977435403,7.288801577318803,1.927804,0.06166937,3936.6667,0.5338633,-5.615161695807821,0.03854074849459427,3188.8539767259667,0.6494516048920411
10.398834,56.918613617547145,24.36436236976605,7.316612651236727,0.85272694,0.97335374,5629.0,1.0373504,-9.189205053376078,1.0467579613072233,4819.78827992583,1.4815734980669282
8.257667,56.945239883686206,25.385499814878436,7.078323436187032,0.35372734,7.516486,7768.25,1.5136089,-11.495924010585803,8.036600744654569,6762.740559899397,2.0851952650875694
10.910271,57.58720452276469,24.46655135744108,7.249936899172197,0.9340391,0.62832403,5468.5,0.8830963,-8.723541568579426,0.6656150708864051,4621.892785185718,1.2847772173537517
10.239899,57.07140079253329,23.8901568190568,7.321315034901866,0.80504036,1.1104032,5826.0,1.0343131,-9.34492758783606,1.2102141048506883,4946.118428557421,1.5127183345344477
9.712552,56.169919301964136,24.818340237379328,7.408644202933376,0.71434784,1.743928,6072.0,1.1933103,-9.81298712489964,1.9208865828328805,5210.967792710591,1.716999112860527
10.842311,58.60525132146347,24.359890131498023,7.363973409900398,0.9789829,0.65317565,5403.0,0.92235416,-8.713467132203464,0.6868330368378608,4520.914761654424,1.3640457532496617
12.73605,57.55177249919622,24.532732691816317,7.196010438933341,1.4438963,0.14229259,4613.83,0.590365,-6.935092561185639,0.12571770104486102,3724.842473040456,0.8596830834190107
9.562554,56.35062643985072,24.885785528205197,7.280298495834878,0.69124794,2.0691588,6145.15,1.2690672,-10.050363077194943,2.28391547983368,5284.2490916052675,1.820662462859735
11.438498,55.9514793562376,25.004191328822355,7.306604285251033,1.1216526,0.41009617,4991.453,0.8563307,-8.156385216046914,0.4028743571300413,4233.717713631436,1.191233791368879
10.404107,56.61406720825912,25.135337435698997,7.378191904384264,0.84881496,0.9527699,5626.0,1.027418,-9.142026348964698,1.024371073443413,4829.848529380022,1.4595454333265807
13.153968,56.78068856976081,23.226163038027188,7.282249318199454,1.6122046,0.110282324,4257.5063,0.61037254,-6.457609461077515,0.08353754592995101,3514.1272284674683,0.7873392125939616
8.322883,56.76765515967455,23.995019208656988,7.369924891650664,0.42066765,6.3666325,7310.43,1.5729744,-11.228855819624982,6.981048837102639,6389.801444276634,2.176915636671219
12.213566,56.8064793078093,23.71409194049985,7.349683243233597,1.2762156,0.20234035,4908.3633,0.62204313,-7.351924314223762,0.19500078312018324,3969.285343612722,0.9428650198320396
11.889382,56.41428088640734,23.754102001577262,7.346930987154904,1.6295033,0.3278487,4375.0,0.9966284,-7.677981028624318,0.26304816666755104,3494.1300466822427,1.413173540037774
10.659182,55.21027404174425,23.418245859338874,7.403971523089829,0.90125275,0.7574612,5490.3335,0.9619121,-8.86951165215193,0.8042623167681802,4699.205806181164,1.366173685247852
14.190984,56.78942246309074,23.74198596515098,7.302015561848563,2.3946419,0.061828677,3660.365,0.6182994,-5.407040322873847,0.03196839933982197,2823.0254620344613,0.7547217092413504
13.620668,57.84232821207113,25.165935179334166,7.184809022626229,1.8201857,0.0877049,3964.0,0.62790984,-6.058263699073352,0.05583446285815062,3291.08706755209,0.7338856814907776
12.406004,56.517282230065845,23.405325959353107,7.352687449888231,1.3969898,0.17235915,4839.0,0.5906886,-7.157442965733136,0.16319475231984826,3789.3829612763707,0.9463942344628565
10.851324,56.085556018632616,24.772662977203,7.184980521025954,1.1248856,0.7344662,4954.047,1.1633712,-8.827488352579648,0.7155157696525611,4227.7314938202235,1.592028352082415
12.247098,57.11688292288393,23.300563072721012,7.446772040741175,1.3326874,0.20323838,4689.3066,0.68302757,-7.252775118034572,0.18417245659336667,3882.5652321389684,0.957702906125485
11.309817,54.86596958122946,23.894801436053736,7.284990182913513,1.0828514,0.46152058,5020.935,0.8977987,-8.299878934556178,0.45626300690391397,4307.254019680958,1.224792861037391
8.760477,57.86348663909352,24.518455060627502,7.332708125568687,0.5418215,4.249332,6752.623,1.5061492,-10.816574867653332,4.712815119599336,5829.346074325453,2.1490994371512384
8.00354,56.49651219995799,25.39839644131894,7.600061923424725,0.28597307,8.305684,7863.0,1.5529726,-11.39445441952001,8.809469136247248,7201.022949758113,1.925495314977409
10.576406,55.90729777834087,23.53579411646532,7.323320636239823,0.8767376,0.8345623,5502.16,1.0053461,-9.007051075206634,0.8871999354580373,4759.169145145221,1.398957295109767
9.06211,55.34579823814665,23.486741126862267,7.515350003301166,0.6061373,3.0630744,6492.0,1.3834848,-10.39192841451414,3.3982676206110582,5578.19989141766,1.992951041759614
11.209154,56.02025980630785,24.27532545177704,7.34694822960917,1.0703726,0.49084756,5091.84,0.90027773,-8.358197294177605,0.49218054271004824,4331.589629073195,1.257834774121248
10.544441,56.266810286435685,25.257653157550354,7.361768810694915,0.88975143,0.84936535,5516.0,1.00914,-9.012834237876598,0.9041890651186524,4727.101134430306,1.431514740887816
13.542909,55.49067574945073,23.668186288896155,2.621201368963977,1.301218,0.44666538,5125.0,0.84772706,-11.177703642664703,0.45064611127689536,3930.299021264405,1.4619166574873714
13.322386,57.773310214151714,24.736584086160825,7.2298268483708625,1.6925869,0.09583591,4257.0,0.5691274,-6.325314960739599,0.07257546173282146,3423.5491816300546,0.7732105098276151
10.587136,56.22443016925663,23.92109210741919,7.186253009391363,1.0486097,0.9204043,5033.533,1.2615256,-9.090790911280516,0.9123061298986014,4374.864905731977,1.6787923834691028
8.081855,57.42060195542927,23.341375883974496,7.227082097375432,0.28130198,8.622767,7954.6665,1.5460802,-11.567744534659319,9.064253096579641,7233.899518242115,1.9354281573592431
10.582304,56.17434663376087,22.4643522920447,7.4986539396732415,0.9183645,0.7882236,5547.0,0.96130466,-8.8828547462881,0.8416117243994622,4658.45501384719,1.42209321312498
13.575575,56.45401897528977,23.852692666007236,7.408138715297508,1.7796402,0.08191417,4042.4824,0.58349335,-5.950305283732064,0.05474592377848583,3331.775266571025,0.7090559105511277
10.383268,56.72404120206017,23.58336016320949,7.410569251115423,0.8226509,0.96146935,5642.75,1.0259796,-9.14097210305962,1.0351175211990284,4898.50916283418,1.4263396909727195
9.73422,56.8499255516615,23.914277516860945,7.283048225972547,0.83842945,1.8023878,5697.25,1.3779905,-9.876808960251171,1.9484336823305737,4856.813107986925,1.9906550842755575
13.486465,56.630024336144025,24.117147412039863,7.654696102246065,1.8475027,0.09129703,3900.0,0.6618381,-5.875714749549482,0.0556619084846732,3264.3653392731303,0.7447963124998066
13.239693,56.53493098403281,23.3473274823736,7.321200250582909,1.654356,0.09971855,4279.0,0.57458735,-6.345211978957204,0.07637623189826413,3465.8926158858712,0.77393572750296
13.693872,56.90877070814149,24.89166138079076,7.146165726272431,1.8347702,0.0797438,4027.0,0.58014673,-6.012024640879725,0.05276002985699989,3276.7526423239765,0.7196497632043513
14.702564,54.897850360768295,24.118242404578417,7.290797631049818,2.3120155,0.039887633,3619.0,0.50803614,-4.90314762268382,0.02001816720358603,2880.077191214367,0.5737991330882093
9.005671,57.77649883573101,25.594498695324443,7.166334012241713,0.6239681,3.54987,6429.8667,1.5182906,-10.68613425245216,3.9367470230446235,5513.253407715028,2.1958811561295355
13.760721,58.24651845676229,24.901348725846297,7.260679865354294,1.867754,0.06897109,4109.0,0.51821965,-5.865688045821404,0.04805704060759315,3244.9021976784616,0.7003760321958357
13.6791115,54.87176437987191,23.499179068957385,7.471264462110723,1.8387957,0.07449298,4016.0,0.5637972,-5.804343610630321,0.04892909476699003,3272.823588312152,0.6946953380244285
11.162713,58.348868684258974,24.064842883805184,7.343179615797544,1.0093727,0.49503377,5308.0,0.83197105,-8.407203699961652,0.514217079493836,4455.690360720904,1.215064214092844
13.028597,56.38733921835385,24.303040529751343,7.519755647747393,1.6062174,0.10983113,4370.3335,0.5780777,-6.422511175994655,0.08793337512618053,3521.1152818665064,0.8045858124488281
8.087943,57.300872117294645,23.88659386685313,7.448522516836224,0.30456018,7.9981546,7860.0,1.5251145,-11.410754930732068,8.485599496074471,7073.81194102554,1.9583496401628466
14.835606,55.66768278292758,23.989166895786504,7.2721901369147774,2.4949436,0.040695585,3440.6667,0.567729,-4.782882880041727,0.01780029293153019,2757.436380894997,0.590280666918471
10.597236,56.05809553466943,24.77920150953242,7.321028086128957,0.8934126,0.8191469,5503.0,0.9957138,-8.987786559731115,0.8708862907523782,4718.17647730538,1.4102248134941309
7.818111,56.46524224075888,24.038682575720483,7.226025315283032,0.27399445,10.890276,7854.25,1.7822255,-11.832219714511588,11.559968284210646,7286.092700304968,2.1544921871626816
8.324233,57.18298747936535,23.259621234550853,7.190476035118598,0.3917637,6.7253165,7471.93,1.5475454,-11.350756507483293,7.324728196056204,6544.380091628287,2.125762366815272
13.663716,57.29709804832645,23.55503384861043,6.031809346982943,1.8599348,0.11161216,4074.7,0.670374,-6.889825278542638,0.07614096700604575,3252.3826289860312,0.8775298847969843
14.12439,57.81600215359561,23.282078587123788,7.395554982415854,2.0566425,0.05963526,3763.3467,0.57445467,-5.4099906865163145,0.03313618144416391,3076.3631372238046,0.6470413257954728
13.026153,56.922760631376605,23.9717338181528,7.349072622231522,1.5596657,0.12499703,4209.2065,0.66481686,-6.539752737820162,0.09227280479415671,3576.659347405141,0.7987993284479198
13.853169,55.5898526910001,24.664477709157737,7.442000104140751,1.908227,0.07120942,3851.3,0.5993861,-5.649909175320277,0.042010036268198624,3206.8592188104494,0.6704597730978425
13.357169,56.58539698202637,24.78528924307344,7.37433967722643,1.7055159,0.09278147,4184.5,0.57955694,-6.191575580280544,0.06755945283366951,3409.519843647591,0.7521641050417236
15.038091,56.96235535022014,24.505022419541184,7.313090572044611,2.4275846,0.03548596,3369.0,0.55294114,-4.552355538481146,0.014607022414097922,2801.0562753436197,0.5181949383322693
14.401714,56.84108913791482,25.89774553970474,7.097775045723311,2.169073,0.058875777,3540.3333,0.64495987,-5.338155589442485,0.027865698784848354,2985.941370895681,0.629837339754595
14.763028,55.00086598217405,23.434781932538865,7.358040953332532,2.5739288,0.04684068,3328.0,0.65102494,-4.796779782455532,0.018589358313536905,2708.3941154956487,0.6252654955195259
14.037812,56.63705919310731,23.305137236563,7.29618735534681,2.009222,0.05795193,3963.105,0.51064074,-5.564204736765115,0.03687085808938508,3116.5997090961114,0.6650213037740251
9.363033,55.72974253767833,24.49287507302488,7.194996006933928,0.6653547,2.5427234,6196.9,1.3834175,-10.308814468104357,2.810125303324139,5369.527717474025,1.9559000274526759
12.386156,57.72446672299439,22.54787159770948,7.267364722986807,1.3520269,0.18017305,4828.8867,0.6064619,-7.235651698362943,0.17013109105370672,3853.940979205692,0.9341953728958863
10.211149,57.14388404828172,23.43459722765938,7.279304144152577,0.7964411,1.159358,5741.0,1.0883945,-9.402451029682338,1.2570734936752885,4969.789837841401,1.5270746728084708
12.792986,57.85177538535644,24.08717860679977,7.382369336356251,1.4841623,0.13652635,4452.54,0.62093365,-6.75031721803987,0.1133480523572895,3671.58313358158,0.8401489440964519
13.683444,57.849310085421976,22.84127918774505,7.423973089213142,1.8474197,0.079022735,3935.8025,0.60459155,-5.831760541706997,0.04935709857736672,3264.445710155193,0.7013130129474221
13.257669,58.18905823597156,25.279666153154206,7.2094609030308785,1.6515636,0.10434084,4219.77,0.6043691,-6.404136506057789,0.07746879808600093,3469.0368727392697,0.7780393530946194
9.335321,58.22291288527084,24.71553734956823,7.091487672187328,0.6475563,2.6772974,6375.57,1.3411055,-10.408979668119706,2.9675421448085677,5430.177059027835,1.9652891368427354
10.343406,56.69617935087971,22.914385942452792,7.19306083689944,0.8397875,1.0633209,5589.867,1.0994661,-9.329786451702324,1.139751396718885,4853.265725988803,1.524729885415171
9.981662,56.39757956546967,24.083017374039017,7.503006634693022,0.83480644,1.3650905,5578.275,1.2509315,-9.480595270734543,1.461721177296923,4866.308625286634,1.7174692064837576
10.296782,56.594550492379376,24.5699559994792,7.1804702892911765,0.82882595,1.0987462,5775.0,1.0471222,-9.385169990828757,1.1939370267597436,4882.084851632249,1.5421834956519171
11.268925,56.75600714500293,23.494747672339564,7.460507829982148,1.0223904,0.44056356,5220.5,0.81139576,-8.221733966796151,0.4517448591348678,4428.463107329635,1.152912995706157
13.8229885,56.5160068677058,25.452802417208005,7.290626054390116,1.8749657,0.069053896,3998.64,0.54754794,-5.782840790658783,0.04500647023339831,3238.0409536026777,0.6806577430297227
12.557741,57.69188781361377,22.930483224187373,7.289409564320733,1.4923582,0.17523228,4434.75,0.7091227,-7.048922643951201,0.14438394220304207,3660.974257053657,0.9537226234372256
15.182101,57.49314666427368,23.70922000434565,7.352547121183138,2.4827223,0.030062191,3395.0,0.5011681,-4.381441393456111,0.012655635760648855,2765.2243181339936,0.4949225427916111
12.294708,57.64417261571278,24.507578253251705,7.096746728113207,1.2865553,0.20494658,4839.74,0.6439155,-7.445886036259566,0.19408777778159975,3953.0458249868702,0.9483996460154377
13.1314535,56.90846391290383,23.46785524272098,7.246241760007566,1.5964804,0.10776677,4366.75,0.5735594,-6.504908112249172,0.08613763844592012,3532.554509683506,0.7911789492410184
14.102081,56.64730234535008,23.411537272526928,7.258931890318411,2.04033,0.06328825,3761.0,0.59252614,-5.525531917573444,0.03510929889393193,3090.0573044066937,0.6601368839621139
14.476115,56.34797934059688,24.85061054912553,7.208744315701594,2.2304296,0.053148054,3544.0,0.61151755,-5.186187507812864,0.025225208004319658,2939.3261879839906,0.6184118417065539
14.794772,55.5455968203072,24.08553709751261,7.757803087607915,2.499961,0.040537037,3338.5,0.6018328,-4.500508460682292,0.016241034770862754,2754.2549234252238,0.5651380728607144
9.049635,55.51978035035536,22.85836436910278,7.368943783706067,0.6422272,3.2262459,6363.0,1.4780105,-10.502769479905743,3.5754895512803517,5448.6716518825215,2.1426067526693084
9.986124,57.07051867858952,23.63659067909121,7.095886635807336,0.7458563,1.4886377,5886.2,1.1732136,-9.755076049453084,1.627560206324597,5114.997998248843,1.6403388933432421
10.302865,57.298985779305525,24.63638761557165,7.160771601441617,0.8136463,1.0964035,5809.0,1.0337965,-9.39282269125701,1.1938076469616057,4922.708827592553,1.516753019847903
13.838818,56.76501821521337,24.159493563402044,7.409468715511654,1.8939762,0.0736497,3834.0,0.6150833,-5.68616470278053,0.04294362113280952,3220.1267561735135,0.6722942293330998
12.594947,56.61581291093778,23.5925211352823,7.258132997063344,1.5945015,0.17443375,4387.0,0.7229906,-7.033216230782122,0.14072503204159628,3534.8907381084987,1.009926286560576
15.076346,55.98634871354892,24.9933305041012,7.416413756346845,2.4762526,0.032569446,3395.0,0.5216489,-4.443952299436331,0.013711144202890086,2769.3694041368976,0.513607144915793
11.08914,56.42449368858384,24.431322983978,7.311593601835325,1.0163317,0.54479575,5180.8926,0.9161368,-8.502330129963,0.5550344140727161,4441.083332076544,1.2706855708762734
13.403344,56.30003455990275,24.58599482425714,7.574021534178987,1.7093868,0.082894444,4214.73,0.5399777,-6.011811531676667,0.06137751892552252,3405.3473987765287,0.7186837163087323
12.223905,55.86099629113456,24.99413885271326,7.702988728295296,1.3712006,0.19835708,4623.447,0.6941363,-7.106829394500105,0.17584072887611654,3826.077290033385,0.9636254177701115
10.823414,56.00257003002663,23.543750194551095,7.221583066446017,0.996192,0.7068049,5238.0,1.0208724,-8.829991444155162,0.7267241252307631,4483.6889447298045,1.4264935894995139
11.105286,55.961363374887895,24.24729888808018,7.623618789333136,1.0127316,0.5008591,5100.0,0.90650475,-8.27723457639732,0.5029945234018716,4448.625015247455,1.20555218948007
13.394528,56.66782697311929,24.930870604783973,7.33824662225974,1.8433132,0.105826706,3931.75,0.7010976,-6.178748723465814,0.06591802599024257,3268.4283193719784,0.8085002419106828
13.138794,56.46043864888395,23.87376023328266,7.228634926228119,1.6823072,0.11568869,4221.5,0.6358644,-6.509731337609026,0.08597453121606674,3434.807259747586,0.8360575075595904
13.871589,57.15691561236249,22.7691196794908,7.294461300401733,1.9494781,0.07303621,3847.9802,0.60807353,-5.7316107238919045,0.042991039960418795,3169.212098534907,0.6944521906057469
11.404611,56.54907599667182,24.6221252796881,7.528025263415855,1.0632076,0.37999064,5252.375,0.74443644,-8.041001603890177,0.39155562222358725,4345.718663304067,1.1146268613277313
7.339084,56.613757134269655,24.25480650896728,7.21777120370273,0.14102697,17.016182,7884.7993,2.2105606,-12.316961356411984,18.011926974412912,8435.670919010829,2.006304361741874
12.207973,56.34253915741324,23.471516531056885,7.222663277932795,1.3232079,0.20817357,4957.5,0.6185004,-7.444684595175682,0.20296262124865755,3896.7910702924914,0.9980442019203971
13.73232,57.04583027944373,23.506817360212697,7.342758526357405,1.8267212,0.068021506,4138.37,0.50736105,-5.837883429645638,0.04823402537212604,3284.64428078168,0.684787862535624
13.717247,55.60962609589215,22.89446448682461,7.369149746333049,1.8398819,0.07847239,3922.0,0.6067306,-5.835017731418883,0.04855863123895658,3271.765428842957,0.692508147150863
11.823902,55.74682538936047,22.900712316570488,7.645259722932207,1.1916037,0.2713026,4855.8447,0.735953,-7.544445336317832,0.2580207970683153,4108.742704440048,1.012197945529324
12.087304,56.338368827079,23.72727712316995,7.214712478561873,1.5521803,0.28890067,4333.5,0.95356286,-7.570860690307651,0.22732141124465394,3585.796360520339,1.2473976304212369
13.64851,55.90390489494264,24.39378723221872,7.3319576090971985,1.8285284,0.0837981,3933.5,0.6233205,-5.929053653251261,0.05225840006382631,3282.8682771721587,0.7135544635333805
10.218912,54.80623032269012,24.466330873270657,7.028588424596789,0.80593777,1.2353592,5732.7676,1.1267319,-9.569934932042113,1.3387484287828515,4943.664323573538,1.5926029854343042
12.4656105,57.335900249758126,24.77646852211741,7.253766852178421,1.3821688,0.17129083,4761.86,0.6080881,-7.165561396127131,0.15871888902625778,3810.3629745084286,0.923076293770037
13.451449,55.47365166994382,23.457803641334127,7.695466741146114,1.858427,0.07651637,4222.0,0.51700336,-5.884170292055192,0.05687880571034007,3253.8300662266915,0.7577771159496038
13.502793,55.30763347007284,23.38474831702237,7.222542988228997,1.7260284,0.09239514,4038.4368,0.62094146,-6.149947868270981,0.06158891157896637,3387.5537764986407,0.7275031116543144
13.348431,56.921681538693065,23.740092044054823,7.338616687684602,1.6672621,0.08640487,4357.6226,0.51573014,-6.224593581426246,0.06877002650957463,3451.452315118352,0.7405456373540023
15.096285,57.01744821227462,24.06572008168371,2.5539528340214472,1.6729584,0.15005554,4255.0,0.71281946,-9.754279945179379,0.1135168300448943,3445.1265657128024,0.9549392665550348
10.645163,55.88323237729152,23.67386006144805,7.339939457025911,0.89705944,0.7780899,5524.3335,0.9629589,-8.926960423756618,0.8289910553681589,4709.328510762872,1.3810612371036848
14.344227,56.70511899511804,24.59983174562707,7.296667673441762,2.15034,0.0529677,3681.5,0.5657292,-5.257460590690421,0.027800977512923077,3000.545275995933,0.622996564401598
9.368323,56.79198513417869,24.27645979141312,7.320286278692637,0.6514597,2.44632,6164.8,1.3711069,-10.217206213313212,2.70156031978309,5416.729538117608,1.8844690913991038
11.4698305,57.25981599625269,23.252245250042478,7.118750909672832,1.0635023,0.4188676,5001.0,0.86213905,-8.255284514916589,0.41234449999963496,4345.135256283345,1.144140846892993
10.929143,57.41426061223728,23.289914606353346,7.122070293438645,0.95699596,0.6436396,5416.0,0.9112063,-8.79364112136868,0.6778448307685999,4569.617716568886,1.3263599273689815
13.43174,55.95261075515222,23.53919962873182,7.266316562686564,1.7248821,0.09702508,4045.3276,0.63414305,-6.190788892313366,0.06496439097083048,3388.771978625408,0.746636089465991
14.286755,56.765828788964654,23.61612113701928,7.1364311561007225,2.4694462,0.057932734,3692.4797,0.5881369,-5.425957328362355,0.030643321580416456,2773.747018155606,0.7654030875959584
14.401151,56.52328959233108,23.757064383902023,7.313606606707921,2.4146633,0.06269682,3389.0,0.7263271,-5.1889427352083235,0.02625889263423443,2809.622285745468,0.6905550614479022
14.81861,55.53692135259932,23.587902064070477,7.313183775798682,2.3428612,0.041469164,3423.25,0.578946,-4.771772814971076,0.017878991823728378,2858.443979884548,0.5505136977474213
11.733487,57.64893274484408,25.42631490391344,7.291899652227909,1.2233677,0.31999674,4906.7065,0.78279,-7.871468918057452,0.30826472656071313,4054.969938658101,1.1359066074336674
9.027333,57.38644990358085,23.38021037715336,7.132481799404462,0.5961113,3.510587,6604.3477,1.4311417,-10.688147133316681,3.895699555468874,5615.567623616854,2.105529798270249
8.893207,56.337016707833314,24.92188054150604,7.159600193603756,0.6286812,3.94241,6540.825,1.5462099,-10.80329869225394,4.374613187005292,5496.400504327013,2.3289977792782053
12.136,56.51159305643508,23.73718825110253,7.275147952483675,1.7165222,0.28322452,4250.5,0.9813819,-7.480455645101099,0.21375502857491505,3397.6894936850194,1.3472456274131648
12.001295,56.77834078756288,23.71495856720168,7.32202997032494,1.2329378,0.24467315,4964.0,0.6687784,-7.583043355520706,0.23890156548185715,4039.1112116605714,1.0078452720268818
13.754035,55.96737871230259,24.84142328724196,7.369683472216978,1.8678293,0.07788751,3882.6667,0.6167744,-5.797867609209996,0.04693408217225685,3244.830369083699,0.692175392774336
15.424112,57.62492529660627,25.05173340335625,6.893589886069857,2.555768,0.029647965,3305.0,0.5251788,-4.461704505938018,0.011520313947155563,2719.476711122583,0.48822212469928955
10.156676,57.66705528629559,23.932850926556934,7.15988843728362,0.785573,1.2518018,5851.5,1.0886444,-9.539628397579717,1.3662088343868997,5000.115531899322,1.5727310223486684
13.565852,58.48872322149352,23.34511122746795,7.461683047287921,1.8525305,0.090367846,3882.5,0.66441077,-5.924019403282276,0.05444846054467459,3259.506008021609,0.7388311847545752
8.877219,56.21357742536709,23.268730594572723,7.254132800335653,0.5548258,3.8971024,6621.275,1.5001694,-10.75370065550921,4.324554714899189,5776.296474180205,2.096658667363514
13.360757,55.49565824024407,25.32880028026502,7.22829716303198,2.0514126,0.11845956,3855.52,0.771386,-6.288001971684437,0.070085020202642,3080.7370388101313,0.9383380522524554
13.857836,55.90258794514913,23.453759965736857,7.31916812595732,1.8997641,0.06999994,3919.595,0.57374525,-5.728457007308931,0.04324562254606423,3214.721680601983,0.676924613181165
13.742901,56.64972306801596,23.96683123776269,7.145928745607971,1.8467836,0.07519927,4047.8901,0.5575734,-5.963161453290876,0.050433863328905114,3265.0618252530094,0.7086540724954633
14.910411,57.36525149574102,24.531535247072224,6.737300569527864,2.496684,0.048822213,3327.0,0.66505224,-5.09006871627594,0.019358145700556034,2756.3317792263924,0.6160626499218033
8.025201,56.64258761636632,23.62382810164987,7.148459964794544,0.5455704,8.799151,6718.51,2.1894102,-11.679090675075518,9.76100693938594,5813.928148447648,3.109309669349387
11.34111,57.45992114123093,23.705394606429724,7.205443261054198,1.0337391,0.44779232,5141.75,0.84327465,-8.323482650554194,0.45314228951229685,4405.063296686595,1.1669949535513733
12.790639,57.50275815045988,25.3986048003561,6.5622905726900544,1.7609863,0.22045527,4005.1748,0.97514665,-7.341438821532806,0.14375848478580755,3350.9213169008017,1.1359109076821527
14.91257,55.80453492986932,24.65524896606417,7.225563636755018,2.4242506,0.041057214,3362.0,0.59724426,-4.738080180094025,0.016796876900904388,2803.2602547419524,0.5548088981276293
8.231667,56.83069747416248,24.138926201582947,7.347068599840799,0.35874176,7.0664654,7607.05,1.5304574,-11.335602376324218,7.64020497569383,6732.911628299877,2.0511747596773446
16.924017,56.023512765189,23.06164396536377,2.6416551691478287,2.2781897,0.0416742,3539.25,0.542955,-7.757731001347182,0.01970792714306257,2904.2768673779397,0.5598870593599419
11.156267,55.86311549590322,25.38739383067703,7.232816060104039,1.0757828,0.53727806,5039.3335,0.9616255,-8.48936711044491,0.5331855351389942,4320.996783847464,1.3156103469279423
9.586493,56.417493700335584,24.62703860846514,7.568906833789587,0.7463207,1.8869814,5926.5,1.3029864,-9.832040148250961,2.066980983043804,5113.616438686145,1.8495578889997053
14.534834,56.46955931193323,25.86153773554005,7.180123271508719,2.288885,0.05094619,3539.0,0.60040927,-5.147359636677901,0.024088102974040335,2896.5703915314075,0.6222846847619699
11.5116625,55.12810756693859,24.487119845941063,7.240471737447157,1.1248474,0.39173976,4976.0,0.8421525,-8.128682088005917,0.3835317081666443,4227.802101396547,1.1655403792547012
10.747876,57.38808968139058,23.795201753088413,7.191551866542105,0.8950987,0.7440441,5438.45,0.9716317,-8.926365468727655,0.7856052299907976,4714.080498859619,1.3417270681730191
11.858036,56.18320808654904,25.49909647865731,7.170109439324677,1.192009,0.29567885,4898.6,0.75495106,-7.831135804914775,0.28427196468897004,4108.0453281125,1.0628024545647006
14.237983,55.62266390713726,22.7903894150911,7.242485941533762,2.1059608,0.055208996,3784.245,0.54663706,-5.400970847147427,0.031119418868504816,3035.866877654281,0.643881991276629
8.208464,56.56677415601188,24.1897345282152,7.393535266203965,0.42568254,6.961213,6911.72,1.8400211,-11.327282366345493,7.707439111709353,6363.902324402241,2.3060250877308297
9.299754,56.66006061831633,22.919590210538995,7.209941658161527,0.6647806,2.6803288,6269.2,1.3877857,-10.36171809756268,2.9664354264895785,5371.4576104592925,2.0081175470834474
14.356038,56.12540143006648,25.59621679289213,7.01633939644409,2.136445,0.052994497,3777.89,0.5373651,-5.441530252232836,0.029741551665062593,3011.493565880114,0.6396964184467953
10.871961,56.06105598923489,24.10192068146525,7.173243564075554,1.2803516,0.7420269,4848.5,1.2208089,-8.81502573368351,0.7043433933045609,3962.769363537745,1.7978382507922002
7.8457074,55.92314746418906,23.64896406429235,7.469767742820378,0.49204302,9.600663,7257.175,1.9600543,-11.63874946156347,10.546366096701504,6044.240080874871,2.9903635866127996
10.8633795,56.6184812368348,24.433745378735377,7.373470280478264,0.96805,0.640015,5389.5,0.91759443,-8.685954589334205,0.6718995214322845,4544.969003682445,1.3348925263139082
15.9793825,56.36897008097548,22.984326417925075,0.8223780000284431,1.1055889,0.4874693,5056.16,0.90988106,-14.537169572796813,0.48540476196867555,4263.77851142135,1.2891953500566946
13.770322,55.6785647059076,25.280903376826505,7.022063832886972,1.812748,0.07510851,4065.0,0.5525558,-6.023168554316165,0.050926244870174234,3298.4578197258916,0.6977581929588279
10.361045,56.57505930427408,23.48646361761045,7.11853140511571,1.1352091,1.1698532,4974.6196,1.4561247,-9.364224190799515,1.1449886700771927,4208.757293325614,2.0321175089334744
11.418302,57.72960799279669,24.197252568078238,7.1515871203658685,1.0413036,0.42127362,5170.3,0.8089158,-8.283802860163267,0.42842453384962154,4389.636837235026,1.1427098476765278
13.716142,56.43373625175265,24.07392960801701,7.254079344548508,1.8322735,0.08177857,3909.0,0.6235066,-5.914814500701857,0.050162433488510766,3279.195456507809,0.7006654106153938
10.134455,57.48548895812743,23.21843739440713,6.798870978329136,0.7858448,1.4171873,5848.7,1.159438,-9.820538565918353,1.5464803305338453,4999.351472767416,1.6737895296104097
12.372397,55.61507853597353,25.04683423508488,7.238080541411509,1.3064299,0.1771138,4983.6665,0.564522,-7.269599131621142,0.17369782374481177,3922.292142068982,0.9113250330280781
9.982312,56.438112310076725,25.595608824709974,6.362948221958773,0.7758837,1.869626,5772.0,1.3673427,-10.304005260638313,2.0312268168214382,5027.545300715107,1.896807302323704
16.452833,54.76441314756704,24.110158120116417,1.3137443459122198,1.2998514,0.12909812,4862.263,0.50633234,-11.721536697799714,0.12298299923506303,3932.405255259624,0.7628901218739367
14.000706,56.89678606685575,25.543764722105948,6.792325773102134,1.9685411,0.073522285,3873.26,0.60215575,-5.959103334428429,0.044023096356963776,3152.1844517415884,0.7103510630426034
8.537581,56.27733514769778,24.263315816052557,8.003393600342932,0.47645378,4.406881,7138.7095,1.3723942,-10.601867136034183,4.857572023935243,6115.700756379458,1.9823172369770776
8.201289,57.0565738117554,24.318218144074056,6.992730253845261,0.51014566,7.8465357,7011.135,1.8985192,-11.613132023715472,8.673429422430345,5963.82609561213,2.785489139988896
14.110945,57.25982449418662,25.72325234854035,2.6692977240044327,1.3563108,0.27826503,4757.755,0.77638626,-10.518754329422437,0.25753008292470386,3847.6715433994277,1.1531186285652695
11.551752,56.72201501070958,22.88075414942624,6.732059170709437,1.0697002,0.43240777,5021.875,0.86869556,-8.452619066112955,0.42756618521340695,4332.91068707988,1.1716507862977348
15.663534,58.10007111297779,23.920907829301267,1.352131348269188,1.240819,0.24938406,4905.7803,0.69130677,-12.366831774967743,0.24018652370862464,4026.167033049609,1.0170603612150804
10.34908,55.85234332979304,23.22574851975229,7.177491635999279,0.961092,1.091812,5338.0034,1.2217121,-9.334946556390445,1.1387348441668739,4560.445308211892,1.7260476804893186
13.727313,56.30933039482449,25.08863736599787,6.704077931290965,1.7710791,0.086059496,4059.0,0.5932175,-6.297883456370064,0.05812951397687515,3340.528194409693,0.726815281406737
11.321647,57.24379771730722,23.201001989465407,6.998760609478673,1.0961046,0.49246752,5042.067,0.91965353,-8.488464006959054,0.48898881161197294,4281.779190650168,1.2830893904773715
13.883172,55.674684812031806,24.19928217396679,6.836438889766712,1.9294043,0.0743316,3998.0,0.5682688,-6.044269565368397,0.04842518939112887,3187.393315015232,0.7286522934426831
14.61721,56.15749343159547,22.92085143059296,7.073061912031666,2.3609018,0.049680766,3512.19,0.60199213,-5.140099038374842,0.023009176782825748,2845.978398653894,0.6300040317186759
11.048224,56.0612574989301,24.10144220310337,6.949594978255536,1.3170204,0.64818907,5000.0,1.0729104,-8.797135488067868,0.6379570051775948,3906.147175975226,1.7609802579326477
9.703188,54.78812853465073,24.36762874556284,6.955217069282168,0.7573662,2.007155,5924.125,1.3449146,-10.138128217785766,2.198383332202136,5081.029417652067,1.9319873556173723
9.779877,56.710653248800895,23.23900554859438,6.497724110463439,0.7465296,2.1408794,5945.6665,1.3789473,-10.40163950122272,2.347073364749001,5112.995279019765,1.9713717835183588
11.852763,56.92086937738764,22.929795242347176,5.779793155571492,1.4042444,0.5138335,4526.755,1.16544,-8.914173915857496,0.4396126766658244,3779.2184428622086,1.5616622063128034
8.186488,55.93026389936584,24.37439577313848,7.226433157469438,0.3529148,7.8390136,7963.1953,1.4709862,-11.463560518795692,8.232975445416098,6767.60521774058,2.107484377911295
15.502478,56.52593737482286,25.112615865787628,2.085063306090723,1.5151691,0.14168718,4443.0,0.6352802,-10.362302307794337,0.1171575575531703,3631.8465321787185,0.8729435580920024
11.906063,57.765431974932255,22.84039510927318,4.196959544773844,1.1026592,0.81610394,4947.18,1.2297305,-10.460911668794513,0.7937892881987703,4269.3187059083075,1.6443393569891431
